<?xml version="1.0" encoding="UTF-8"?>
<project-private xmlns="http://www.netbeans.org/ns/project-private/1">
    <editor-bookmarks xmlns="http://www.netbeans.org/ns/editor-bookmarks/2" lastBookmarkId="0"/>
    <open-files xmlns="http://www.netbeans.org/ns/projectui-open-files/2">
        <group>
            <file>file:/E:/PSA/Genetic%20Algorithm%20Project/GeneticAlgorithm/src/Main.java</file>
            <file>file:/E:/PSA/Genetic%20Algorithm%20Project/GeneticAlgorithm/src/Fitness.java</file>
            <file>file:/E:/PSA/Genetic%20Algorithm%20Project/GeneticAlgorithm/src/Ball.java</file>
            <file>file:/E:/PSA/Genetic%20Algorithm%20Project/GeneticAlgorithm/src/Evolution.java</file>
            <file>file:/E:/PSA/Genetic%20Algorithm%20Project/GeneticAlgorithm/src/Population.java</file>
        </group>
    </open-files>
</project-private>
